Space Alert,301
Near and Far,216
Through the Ages: A Story of Civilization,81
Dixit: Odyssey,282
Burgle Bros.,330
Viticulture,267
Agricola,48
Jaipur,167
Clank! Legacy: Acquisitions Incorporated,23
Isle of Skye: From Chieftain to King,251
Here I Stand,394
Merchants & Marauders,341
Trickerion: Legends of Illusion,100
Endeavor: Age of Sail,146
In the Year of the Dragon,398
Sagrada,187
Bruges,318
Furnace,369
Tiny Towns,401
Twice as Clever!,380
Kingdomino,276
Sid Meier's Civilization: The Board Game,349
Mythic Battles: Pantheon,426
Puerto Rico,41
Hanamikoji,235
Le Havre,63
Race for the Galaxy,75
Sleeping Gods,51
Power Grid,59
Firefly: The Game,413
Codenames,127
Bonfire,335
Raiders of the North Sea,98
Power Grid Deluxe: Europe/North America,295
Bunny Kingdom,327
Altiplano,368
The Quacks of Quedlinburg,61
Nemesis,20
Eclipse: New Dawn for the Galaxy,76
Ora et Labora,191
Alchemists,139
Bruxelles 1893,397
Sushi Go Party!,243
Secret Hitler,232
Notre Dame,376
Hegemony: Lead Your Class to Victory,194
Imperial,287
Wingspan,24
Trajan,112
Wingspan Asia,179
Tigris & Euphrates,102
Scythe,16
Robinson Crusoe: Adventures on the Cursed Island,87
Dice Forge,407
Carnegie,113
Fantasy Realms,245
Goa: A New Expedition,248
Santa Maria,416
Bitoku,304
The Isle of Cats,122
BattleLore: Second Edition,342
Star Realms: Frontiers,292
Fields of Arle,80
Aeon's End: Legacy,229
Glory to Rome,253
Dungeon Lords,345
Tiletum,336
Ticket to Ride: Europe,150
Chaos in the Old World,168
Flamme Rouge,244
Azul,72
Age of Steam,120
Oath: Chronicles of Empire & Exile,303
Tekhenu: Obelisk of the Sun,347
Lorenzo il Magnifico,104
Undaunted: Normandy,161
Imperial Settlers,305
Star Wars: X-Wing Miniatures Game,155
Unmatched: Robin Hood vs. Bigfoot,406
Revive,184
Mansions of Madness: Second Edition,55
Pandemic,133
Lisboa,57
Fury of Dracula (Third/Fourth Edition),306
Res Arcana,134
Welcome To...,164
Food Chain Magnate,37
On Mars,47
Fall of Rome,381
Roll for the Galaxy,131
San Juan (Second Edition),403
Brass: Birmingham,0
Legendary Encounters: An Alien Deck Building Game,151
Dominion (Second Edition),171
Mombasa,103
Architects of the West Kingdom,92
Watergate,136
Viscounts of the West Kingdom,157
Century: Spice Road,314
Dominant Species,86
Cthulhu Wars,296
Go,202
Ticket to Ride: Nordic Countries,193
Inis,96
It's a Wonderful World,143
Unmatched: Battle of Legends, Volume One,246
Iberia,125
The Godfather: Corleone's Empire,384
KLASK,247
Caverna: The Cave Farmers,42
Root,28
Sidereal Confluence,383
The Castles of Burgundy,15
Sekigahara: The Unification of Japan,188
Tichu,210
PARKS,130
Wonderland's War,222
Newton,373
Dinosaur Island,218
Dungeon Petz,298
That's Pretty Clever!,163
Ark Nova,3
The Voyages of Marco Polo,85
Teotihuacan: City of Gods,82
Azul: Summer Pavilion,176
Unmatched: Cobble & Fog,178
Exit: The Game – The Abandoned Cabin,323
Mechs vs. Minions,68
Welcome to the Moon,205
Civilization,408
Darwin's Journey,207
Orléans,30
Codenames: Duet,230
Legendary: A Marvel Deck Building Game,234
Chinatown,346
7 Wonders (Second Edition),265
Seasons,283
Galaxy Trucker,262
Dead of Winter: A Crossroads Game,197
Glen More II: Chronicles,159
Pax Pamir: Second Edition,38
Twilight Imperium: Third Edition,109
Century: Golem Edition,237
Acquire,326
Xia: Legends of a Drift System,162
Above and Below,333
Battle Line,278
King of Tokyo,395
Fresco,425
Praga Caput Regni,147
Takenoko,357
Dwellings of Eldervale,118
Survive: Escape from Atlantis!,317
Space Hulk (Third Edition),415
Star Realms: Colony Wars,211
The 7th Continent,93
Kemet: Blood and Sand,308
Gùgōng,378
Gaia Project,11
Marvel Champions: The Card Game,39
Caylus,99
Commands & Colors: Ancients,199
Lords of Waterdeep,84
Dead of Winter: The Long Night,332
Tiny Epic Galaxies,320
Chronicles of Crime,252
Sherlock Holmes Consulting Detective: Jack the Ripper & West End Adventures,411
The King's Dilemma,310
Magic: The Gathering,156
Monikers,291
Samurai,260
Arcadia Quest,277
Kingdom Death: Monster,71
7 Wonders,88
Summoner Wars (Second Edition),385
Keyflower,97
At the Gates of Loyang,379
Grand Austria Hotel,67
Spartacus: A Game of Blood and Treachery,420
Forgotten Waters,281
Harry Potter: Hogwarts Battle,355
Twilight Struggle,12
Cascadia,45
Agricola: All Creatures Big and Small,363
Mage Knight Board Game,32
Arkham Horror (Third Edition),313
Terraforming Mars: Ares Expedition,152
Beyond the Sun,83
Forbidden Stars,126
Paladins of the West Kingdom,62
Combat Commander: Europe,214
Clans of Caledonia,60
Great Western Trail: Second Edition,29
Hallertau,257
San Juan,370
Endeavor,393
Shogun,259
Small World,334
Great Western Trail,14
Rising Sun,114
The Red Cathedral,190
Steam,272
Macao,423
Arkham Horror: The Card Game,26
Schotten Totten,390
Arkham Horror,400
Gloomhaven,2
Suburbia,198
Memoir '44,177
Dune,189
Kanban EV,50
Nemo's War (Second Edition),302
The Resistance,367
Letters from Whitechapel,351
Brass: Lancashire,19
Meadow,201
Star Wars: Rebellion,9
Village,203
T.I.M.E Stories,273
Railways of the World,183
Downforce,387
Kanban: Driver's Edition,242
The Manhattan Project: Energy Empire,288
The Lord of the Rings: The Card Game,153
Stockpile,421
Pulsar 2849,255
This War of Mine: The Board Game,175
Planet Unknown,215
Ra,145
Nusfjord,340
Innovation,354
Too Many Bones: Undertow,181
Lost Cities,322
Die Macher,388
Awkward Guests: The Walton Case,331
The Crew: The Quest for Planet Nine,64
Raiders of Scythia,364
A Feast for Odin,22
Troyes,105
The King Is Dead: Second Edition,338
Dominion: Intrigue,101
SCOUT,140
Turing Machine,405
Age of Empires III: The Age of Discovery,299
Ticket to Ride: Märklin,396
Kemet,144
Hero Realms,258
Claustrophobia,428
Sprawlopolis,412
Viticulture Essential Edition,33
Eclipse: Second Dawn for the Galaxy,18
Captain Sonar,200
War of the Ring,170
Tainted Grail: The Fall of Avalon,90
Anno 1800: The Board Game,280
Aeon's End,78
Western Legends,270
Star Wars: Outer Rim,195
Barrage,34
The Quest for El Dorado,123
Eldritch Horror,106
Hadrian's Wall,148
Star Wars: Imperial Assault,65
Five Tribes: The Djinns of Naqala,77
For Sale,321
Glass Road,307
Tapestry,271
Saint Petersburg,386
Oathsworn: Into the Deepwood,117
Agricola (Revised Edition),73
Onitama,300
Decrypto,95
War of the Ring: Second Edition,8
Dune: Imperium,6
Maria,382
Mysterium,356
Maracaibo,56
My City,226
Cat in the Box: Deluxe Edition,404
A Game of Thrones: The Board Game (Second Edition),192
Detective: A Modern Crime Board Game,249
Coimbra,213
Lost Ruins of Arnak,27
Cloudspire,358
The Princes of Florence,241
Underwater Cities,40
Ankh: Gods of Egypt,217
Modern Art,209
Navegador,294
1830: Railways & Robber Barons,256
Obsession,74
Cartographers,132
Ethnos,285
Summoner Wars: Master Set,309
Android: Netrunner,70
Azul: Stained Glass of Sintra,402
Camel Up (Second Edition),261
Paleo,206
The Taverns of Tiefenthal,233
Terra Mystica,25
1960: The Making of the President,266
Arboretum,337
Through the Ages: A New Story of Civilization,13
Project L,389
The Gallerist,66
Indonesia,290
Heat: Pedal to the Metal,54
Advanced Squad Leader,427
Terraforming Mars,5
Clank! In! Space!: A Deck-Building Adventure,121
Sherlock Holmes Consulting Detective: The Thames Murders & Other Cases,142
Splendor,208
Vindication,264
Blood on the Clocktower,263
Aeon's End: The New Age,311
Final Girl,173
Neuroshima Hex! 3.0,343
Tyrants of the Underdark,158
Mission: Red Planet (Second Edition),348
Tzolk'in: The Mayan Calendar,58
Concordia Venus,108
YINSH,225
Istanbul,160
Star Wars: The Deckbuilding Game,339
Skull King,350
War Chest,165
Blood Rage,44
Endless Winter: Paleoamericans,269
Cubitos,419
Vinhos: Deluxe Edition,119
Hannibal: Rome vs. Carthage,359
Descent: Journeys in the Dark (Second Edition),174
Nippon,414
Pandemic Legacy: Season 0,52
Dixit,352
Pandemic Legacy: Season 1,1
Radlands,169
Pandemic Legacy: Season 2,53
Aeon's End: War Eternal,115
Ghost Stories,362
Gloomhaven: Jaws of the Lion,7
Ticket to Ride,227
Star Wars: Armada,360
Long Shot: The Dice Game,329
Star Realms,141
Clash of Cultures,418
Russian Railroads,110
Great Western Trail: Argentina,268
51st State: Master Set,366
Carpe Diem,374
Ginkgopolis,365
Heaven & Ale,315
Cryptid,284
Destinies,328
Anachrony,46
Santorini,250
Sword & Sorcery,417
Everdell,31
London (Second Edition),399
Biblios,424
The Search for Planet X,89
Nemesis: Lockdown,172
Gizmos,361
Blood Bowl: Team Manager – The Card Game,372
Champions of Midgard,129
Rajas of the Ganges,138
Abyss,377
Dominion,116
Clash of Cultures: Monumental Edition,254
Clank!: A Deck-Building Adventure,79
The Resistance: Avalon,186
Roll Player,240
Spirit Island,10
The Crew: Mission Deep Sea,35
Crokinole,49
Splendor Duel,166
Rococo,279
Hansa Teutonica,124
Twilight Imperium: Fourth Edition,4
Frosthaven,43
Bora Bora,275
Marco Polo II: In the Service of the Khan,154
Yokohama,128
La Granja,231
Imperium: Classics,353
Marvel United,289
The Great Zimbabwe,325
Concordia,21
Castles of Mad King Ludwig,185
Flamecraft,375
Too Many Bones,36
El Grande,91
Paths of Glory,223
Blitzkrieg!: World War Two in 20 Minutes,409
Horrified,180
Nations,219
Dice Throne: Season Two – Battle Chest,297
Battlestar Galactica: The Board Game,94
Nidavellir,224
Hive,286
Smartphone Inc.,392
King of Tokyo: Dark Edition,422
Cthulhu: Death May Die,69
The Lord of the Rings: Journeys in Middle-Earth,107
Cyclades,228
Deception: Murder in Hong Kong,236
Clank!: Catacombs,196
Love Letter,319
Return to Dark Tower,293
Evolution: Climate,391
Just One,137
Earth,204
Patchwork,111
Lords of Hellas,344
Antiquity,324
MicroMacro: Crime City,238
Stone Age,149
7 Wonders Duel,17
Lewis & Clark: The Expedition,274
Mage Wars Arena,371
Targi,135
Tikal,316
Cosmic Encounter,182
Mind MGMT: The Psychic Espionage “Game.”,312
Carcassonne,212
Calico,221
Skull,410
Under Falling Skies,220
Zombicide: Black Plague,239
